{
  "HTTP Request-1" : {
    "transaction" : "HTTP Request-1",
    "sampleCount" : 5,
    "errorCount" : 0,
    "errorPct" : 0.0,
    "meanResTime" : 309.2,
    "medianResTime" : 278.0,
    "minResTime" : 268.0,
    "maxResTime" : 443.0,
    "pct1ResTime" : 443.0,
    "pct2ResTime" : 443.0,
    "pct3ResTime" : 443.0,
    "throughput" : 0.6149305128520477,
    "receivedKBytesPerSec" : 11.99102489699914,
    "sentKBytesPerSec" : 0.08046942258024843
  },
  "Total" : {
    "transaction" : "Total",
    "sampleCount" : 15,
    "errorCount" : 0,
    "errorPct" : 0.0,
    "meanResTime" : 306.1333333333333,
    "medianResTime" : 278.0,
    "minResTime" : 129.0,
    "maxResTime" : 664.0,
    "pct1ResTime" : 531.4000000000001,
    "pct2ResTime" : 664.0,
    "pct3ResTime" : 664.0,
    "throughput" : 1.7959770114942528,
    "receivedKBytesPerSec" : 23.701751825909962,
    "sentKBytesPerSec" : 0.3133605723180076
  },
  "HTTP Request-0" : {
    "transaction" : "HTTP Request-0",
    "sampleCount" : 5,
    "errorCount" : 0,
    "errorPct" : 0.0,
    "meanResTime" : 149.4,
    "medianResTime" : 133.0,
    "minResTime" : 129.0,
    "maxResTime" : 218.0,
    "pct1ResTime" : 218.0,
    "pct2ResTime" : 218.0,
    "pct3ResTime" : 218.0,
    "throughput" : 0.6190417234121579,
    "receivedKBytesPerSec" : 0.18317347870496473,
    "sentKBytesPerSec" : 0.08100741302463786
  },
  "HTTP Request" : {
    "transaction" : "HTTP Request",
    "sampleCount" : 5,
    "errorCount" : 0,
    "errorPct" : 0.0,
    "meanResTime" : 459.8,
    "medianResTime" : 412.0,
    "minResTime" : 402.0,
    "maxResTime" : 664.0,
    "pct1ResTime" : 664.0,
    "pct2ResTime" : 664.0,
    "pct3ResTime" : 664.0,
    "throughput" : 0.5986590038314176,
    "receivedKBytesPerSec" : 11.850875912954981,
    "sentKBytesPerSec" : 0.1566802861590038
  }
}